ESB Scheduler,Execution Time ,Record Count
10:00 AM,"21 min, 5 s",8834255
10:30 AM,"20 min, 5 s",8841918
11:00 AM,21 min 52 s,8849941
11:30 AM,21 min 40 s,8857208
12:00 PM,21 min 16 S,8863393
12:30 PM,20 min 30 s,8869258
13:00,21 min 11 s,8875868
13:30,20 min 45 s,8882346
14:00,19 min 51 s,8885342
14:30,20 min 46 s,8891228
15:00,20 min 30 s,8899603
15:30,20 min 28 s,8904625
16:00,21 min 8 s,8909465
16:30,20 min 40 s,8914487
17:00,20 min 50 s,8922323
17:30,20 min 56 s,8927082
18:00,21 min 2 s,8929684
18:30,20 min 59 s,8933480
19:00,20 min 30 s,8936668